"Longitude (x)","Latitude (y)","Station Name","Climate ID","Date/Time","Year","Month","Day","Data Quality","Max Temp (°C)","Max Temp Flag","Min Temp (°C)","Min Temp Flag","Mean Temp (°C)","Mean Temp Flag","Heat Deg Days (°C)","Heat Deg Days Flag","Cool Deg Days (°C)","Cool Deg Days Flag","Total Rain (mm)","Total Rain Flag","Total Snow (cm)","Total Snow Flag","Total Precip (mm)","Total Precip Flag","Snow on Grnd (cm)","Snow on Grnd Flag","Dir of Max Gust (10s deg)","Dir of Max Gust Flag","Spd of Max Gust (km/h)","Spd of Max Gust Flag"
"-115.07","49.49","FERNIE","1152850","1962-01-01","1962","01","01","","0.0","","-7.8","","-3.9","","21.9","","0.0","","0.0","","0.0","","0.0","","","","","","",""
"-115.07","49.49","FERNIE","1152850","1962-01-02","1962","01","02","","2.8","","-4.4","","-0.8","","18.8","","0.0","","13.7","","0.0","","13.7","","","","","","",""
"-115.07","49.49","FERNIE","1152850","1962-01-03","1962","01","03","","4.4","","-4.4","","0.0","","18.0","","0.0","","4.6","","0.0","","4.6","","","","","","",""
"-115.07","49.49","FERNIE","1152850","1962-01-04","1962","01","04","","1.7","","-2.8","","-0.6","","18.6","","0.0","","0.0","","0.0","","0.0","","","","","","",""
"-115.07","49.49","FERNIE","1152850","1962-01-05","1962","01","05","","3.9","","-3.9","","0.0","","18.0","","0.0","","0.0","","0.0","","0.0","","","","","","",""
"-115.07","49.49","FERNIE","1152850","1962-01-06","1962","01","06","","","M","-1.7","","","M","","M","","M","2.5","","0.0","","2.5","","","","","","",""
"-115.07","49.49","FERNIE","1152850","1962-01-07","1962","01","07","","1.7","","","M","","M","","M","","M","0.0","","2.5","","2.5","","","","","","",""
"-115.07","49.49","FERNIE","1152850","1962-01-08","1962","01","08","","-11.1","","-15.0","","-13.1","","31.1","","0.0","","0.0","","0.0","","0.0","","","","","","",""
"-115.07","49.49","FERNIE","1152850","1962-01-09","1962","01","09","","-15.6","","-25.0","","-20.3","","38.3","","0.0","","0.0","","0.0","","0.0","","","","","","",""
"-115.07","49.49","FERNIE","1152850","1962-01-10","1962","01","10","","-12.8","","-27.8","","-20.3","","38.3","","0.0","","0.0","","0.0","","0.0","","","","","","",""
"-115.07","49.49","FERNIE","1152850","1962-01-11","1962","01","11","","-12.2","","-24.4","","-18.3","","36.3","","0.0","","0.0","","5.1","","5.1","","","","","","",""
"-115.07","49.49","FERNIE","1152850","1962-01-12","1962","01","12","","-9.4","","-17.2","","-13.3","","31.3","","0.0","","0.0","","0.0","","0.0","","","","","","",""
"-115.07","49.49","FERNIE","1152850","1962-01-13","1962","01","13","","-6.7","","-20.6","","-13.7","","31.7","","0.0","","0.0","","0.0","","0.0","","","","","","",""
"-115.07","49.49","FERNIE","1152850","1962-01-14","1962","01","14","","-7.2","","-12.2","","-9.7","","27.7","","0.0","","0.0","","6.4","","6.4","","","","","","",""
"-115.07","49.49","FERNIE","1152850","1962-01-15","1962","01","15","","-7.2","","-26.1","","-16.7","","34.7","","0.0","","0.0","","0.0","","0.0","","","","","","",""
"-115.07","49.49","FERNIE","1152850","1962-01-16","1962","01","16","","-12.2","","-27.2","","-19.7","","37.7","","0.0","","0.0","","2.5","","2.5","","","","","","",""
"-115.07","49.49","FERNIE","1152850","1962-01-17","1962","01","17","","-13.9","","-22.2","","-18.1","","36.1","","0.0","","0.0","","0.0","","0.0","","","","","","",""
"-115.07","49.49","FERNIE","1152850","1962-01-18","1962","01","18","","-14.4","","-23.3","","-18.9","","36.9","","0.0","","0.0","","0.0","","0.0","","","","","","",""
"-115.07","49.49","FERNIE","1152850","1962-01-19","1962","01","19","","-17.8","","-31.7","","-24.8","","42.8","","0.0","","0.0","","0.0","","0.0","","","","","","",""
"-115.07","49.49","FERNIE","1152850","1962-01-20","1962","01","20","","-12.2","","-25.0","","-18.6","","36.6","","0.0","","0.0","","2.5","","2.5","","","","","","",""
"-115.07","49.49","FERNIE","1152850","1962-01-21","1962","01","21","","-13.3","","-22.2","","-17.8","","35.8","","0.0","","0.0","","2.5","","2.5","","","","","","",""
"-115.07","49.49","FERNIE","1152850","1962-01-22","1962","01","22","","-12.2","","-28.9","","-20.6","","38.6","","0.0","","0.0","","0.0","","0.0","","","","","","",""
"-115.07","49.49","FERNIE","1152850","1962-01-23","1962","01","23","","-5.6","","-15.0","","-10.3","","28.3","","0.0","","0.0","","1.3","","1.3","","","","","","",""
"-115.07","49.49","FERNIE","1152850","1962-01-24","1962","01","24","","1.7","","-13.3","","-5.8","","23.8","","0.0","","0.0","","3.8","","3.8","","","","","","",""
"-115.07","49.49","FERNIE","1152850","1962-01-25","1962","01","25","","3.9","","-5.0","","-0.6","","18.6","","0.0","","0.0","","2.5","","2.5","","","","","","",""
"-115.07","49.49","FERNIE","1152850","1962-01-26","1962","01","26","","5.0","","1.1","","3.1","","14.9","","0.0","","27.9","","0.0","","27.9","","","","","","",""
"-115.07","49.49","FERNIE","1152850","1962-01-27","1962","01","27","","6.1","","1.1","","3.6","","14.4","","0.0","","0.0","","0.0","","0.0","","","","","","",""
"-115.07","49.49","FERNIE","1152850","1962-01-28","1962","01","28","","7.8","","4.4","","6.1","","11.9","","0.0","","0.0","","0.0","","0.0","","","","","","",""
"-115.07","49.49","FERNIE","1152850","1962-01-29","1962","01","29","","7.8","","0.0","","3.9","","14.1","","0.0","","0.0","","0.0","","0.0","","","","","","",""
"-115.07","49.49","FERNIE","1152850","1962-01-30","1962","01","30","","7.2","","0.0","","3.6","","14.4","","0.0","","0.0","","0.0","","0.0","","","","","","",""
"-115.07","49.49","FERNIE","1152850","1962-01-31","1962","01","31","","8.3","","-1.1","","3.6","","14.4","","0.0","","0.0","","0.0","","0.0","","","","","","",""
"-115.07","49.49","FERNIE","1152850","1962-02-01","1962","02","01","","","","","","","","","","","","","","","","","","","","","","",""
"-115.07","49.49","FERNIE","1152850","1962-02-02","1962","02","02","","","","","","","","","","","","","","","","","","","","","","",""
"-115.07","49.49","FERNIE","1152850","1962-02-03","1962","02","03","","","","","","","","","","","","","","","","","","","","","","",""
"-115.07","49.49","FERNIE","1152850","1962-02-04","1962","02","04","","","","","","","","","","","","","","","","","","","","","","",""
"-115.07","49.49","FERNIE","1152850","1962-02-05","1962","02","05","","","","","","","","","","","","","","","","","","","","","","",""
"-115.07","49.49","FERNIE","1152850","1962-02-06","1962","02","06","","","","","","","","","","","","","","","","","","","","","","",""
"-115.07","49.49","FERNIE","1152850","1962-02-07","1962","02","07","","","","","","","","","","","","","","","","","","","","","","",""
"-115.07","49.49","FERNIE","1152850","1962-02-08","1962","02","08","","","","","","","","","","","","","","","","","","","","","","",""
"-115.07","49.49","FERNIE","1152850","1962-02-09","1962","02","09","","","","","","","","","","","","","","","","","","","","","","",""
"-115.07","49.49","FERNIE","1152850","1962-02-10","1962","02","10","","","","","","","","","","","","","","","","","","","","","","",""
"-115.07","49.49","FERNIE","1152850","1962-02-11","1962","02","11","","","","","","","","","","","","","","","","","","","","","","",""
"-115.07","49.49","FERNIE","1152850","1962-02-12","1962","02","12","","","","","","","","","","","","","","","","","","","","","","",""
"-115.07","49.49","FERNIE","1152850","1962-02-13","1962","02","13","","","","","","","","","","","","","","","","","","","","","","",""
"-115.07","49.49","FERNIE","1152850","1962-02-14","1962","02","14","","","","","","","","","","","","","","","","","","","","","","",""
"-115.07","49.49","FERNIE","1152850","1962-02-15","1962","02","15","","","","","","","","","","","","","","","","","","","","","","",""
"-115.07","49.49","FERNIE","1152850","1962-02-16","1962","02","16","","","","","","","","","","","","","","","","","","","","","","",""
"-115.07","49.49","FERNIE","1152850","1962-02-17","1962","02","17","","","","","","","","","","","","","","","","","","","","","","",""
"-115.07","49.49","FERNIE","1152850","1962-02-18","1962","02","18","","","","","","","","","","","","","","","","","","","","","","",""
"-115.07","49.49","FERNIE","1152850","1962-02-19","1962","02","19","","","","","","","","","","","","","","","","","","","","","","",""
"-115.07","49.49","FERNIE","1152850","1962-02-20","1962","02","20","","","","","","","","","","","","","","","","","","","","","","",""
"-115.07","49.49","FERNIE","1152850","1962-02-21","1962","02","21","","","","","","","","","","","","","","","","","","","","","","",""
"-115.07","49.49","FERNIE","1152850","1962-02-22","1962","02","22","","","","","","","","","","","","","","","","","","","","","","",""
"-115.07","49.49","FERNIE","1152850","1962-02-23","1962","02","23","","","","","","","","","","","","","","","","","","","","","","",""
"-115.07","49.49","FERNIE","1152850","1962-02-24","1962","02","24","","","","","","","","","","","","","","","","","","","","","","",""
"-115.07","49.49","FERNIE","1152850","1962-02-25","1962","02","25","","","","","","","","","","","","","","","","","","","","","","",""
"-115.07","49.49","FERNIE","1152850","1962-02-26","1962","02","26","","","","","","","","","","","","","","","","","","","","","","",""
"-115.07","49.49","FERNIE","1152850","1962-02-27","1962","02","27","","","","","","","","","","","","","","","","","","","","","","",""
"-115.07","49.49","FERNIE","1152850","1962-02-28","1962","02","28","","","","","","","","","","","","","","","","","","","","","","",""
"-115.07","49.49","FERNIE","1152850","1962-03-01","1962","03","01","","-12.2","","-16.7","","-14.5","","32.5","","0.0","","0.0","","5.1","","5.1","","","","","","",""
"-115.07","49.49","FERNIE","1152850","1962-03-02","1962","03","02","","","M","-18.3","","","M","","M","","M","0.0","","0.0","","0.0","","","","","","",""
"-115.07","49.49","FERNIE","1152850","1962-03-03","1962","03","03","","-6.1","","","M","","M","","M","","M","0.0","","15.2","","15.2","","","","","","",""
"-115.07","49.49","FERNIE","1152850","1962-03-04","1962","03","04","","-9.4","","","M","","M","","M","","M","0.0","","5.1","","5.1","","","","","","",""
"-115.07","49.49","FERNIE","1152850","1962-03-05","1962","03","05","","-4.4","","-10.0","","-7.2","","25.2","","0.0","","0.0","","0.3","","0.3","","","","","","",""
"-115.07","49.49","FERNIE","1152850","1962-03-06","1962","03","06","","4.4","","-9.4","","-2.5","","20.5","","0.0","","0.0","","0.0","","0.0","","","","","","",""
"-115.07","49.49","FERNIE","1152850","1962-03-07","1962","03","07","","5.0","","-5.6","","-0.3","","18.3","","0.0","","0.0","","0.0","","0.0","","","","","","",""
"-115.07","49.49","FERNIE","1152850","1962-03-08","1962","03","08","","2.2","","-4.4","","-1.1","","19.1","","0.0","","5.6","","5.1","","10.7","","","","","","",""
"-115.07","49.49","FERNIE","1152850","1962-03-09","1962","03","09","","-5.0","","-6.1","","-5.6","","23.6","","0.0","","0.0","","0.0","","0.0","","","","","","",""
"-115.07","49.49","FERNIE","1152850","1962-03-10","1962","03","10","","-5.0","","-12.8","","-8.9","","26.9","","0.0","","0.0","","0.0","","0.0","","","","","","",""
"-115.07","49.49","FERNIE","1152850","1962-03-11","1962","03","11","","-1.1","","-16.1","","-8.6","","26.6","","0.0","","0.0","","0.0","","0.0","","","","","","",""
"-115.07","49.49","FERNIE","1152850","1962-03-12","1962","03","12","","0.0","","-14.4","","-7.2","","25.2","","0.0","","0.0","","0.0","","0.0","","","","","","",""
"-115.07","49.49","FERNIE","1152850","1962-03-13","1962","03","13","","1.7","","-14.4","","-6.4","","24.4","","0.0","","0.0","","0.0","","0.0","","","","","","",""
"-115.07","49.49","FERNIE","1152850","1962-03-14","1962","03","14","","5.0","","-13.9","","-4.5","","22.5","","0.0","","0.0","","0.0","","0.0","","","","","","",""
"-115.07","49.49","FERNIE","1152850","1962-03-15","1962","03","15","","7.8","","-12.2","","-2.2","","20.2","","0.0","","0.0","","0.0","","0.0","","","","","","",""
"-115.07","49.49","FERNIE","1152850","1962-03-16","1962","03","16","","9.4","","-7.2","","1.1","","16.9","","0.0","","0.0","","0.0","","0.0","","","","","","",""
"-115.07","49.49","FERNIE","1152850","1962-03-17","1962","03","17","","","M","-6.7","","","M","","M","","M","0.0","","0.0","","0.0","","","","","","",""
"-115.07","49.49","FERNIE","1152850","1962-03-18","1962","03","18","","8.9","","","M","","M","","M","","M","0.0","","0.0","","0.0","","","","","","",""
"-115.07","49.49","FERNIE","1152850","1962-03-19","1962","03","19","","6.7","","-0.6","","3.1","","14.9","","0.0","","0.0","","0.0","","0.0","","","","","","",""
"-115.07","49.49","FERNIE","1152850","1962-03-20","1962","03","20","","4.4","","-0.6","","1.9","","16.1","","0.0","","0.0","","1.3","","1.3","","","","","","",""
"-115.07","49.49","FERNIE","1152850","1962-03-21","1962","03","21","","1.1","","-2.8","","-0.9","","18.9","","0.0","","0.0","","7.6","","7.6","","","","","","",""
"-115.07","49.49","FERNIE","1152850","1962-03-22","1962","03","22","","3.9","","-3.9","","0.0","","18.0","","0.0","","0.0","","5.1","","5.1","","","","","","",""
"-115.07","49.49","FERNIE","1152850","1962-03-23","1962","03","23","","2.8","","-3.3","","-0.3","","18.3","","0.0","","0.0","","3.8","","3.8","","","","","","",""
"-115.07","49.49","FERNIE","1152850","1962-03-24","1962","03","24","","","M","0.0","","","M","","M","","M","0.0","","0.0","","0.0","","","","","","",""
"-115.07","49.49","FERNIE","1152850","1962-03-25","1962","03","25","","6.7","","","M","","M","","M","","M","15.2","","1.3","","16.5","","","","","","",""
"-115.07","49.49","FERNIE","1152850","1962-03-26","1962","03","26","","6.1","","0.0","","3.1","","14.9","","0.0","","6.4","","0.0","","6.4","","","","","","",""
"-115.07","49.49","FERNIE","1152850","1962-03-27","1962","03","27","","3.9","","0.0","","2.0","","16.0","","0.0","","5.1","","1.3","","6.4","","","","","","",""
"-115.07","49.49","FERNIE","1152850","1962-03-28","1962","03","28","","5.6","","-6.1","","-0.3","","18.3","","0.0","","0.0","","0.0","","0.0","","","","","","",""
"-115.07","49.49","FERNIE","1152850","1962-03-29","1962","03","29","","10.6","","-5.6","","2.5","","15.5","","0.0","","0.0","","0.0","","0.0","","","","","","",""
"-115.07","49.49","FERNIE","1152850","1962-03-30","1962","03","30","","","M","-4.4","","","M","","M","","M","0.0","","0.0","","0.0","","","","","","",""
"-115.07","49.49","FERNIE","1152850","1962-03-31","1962","03","31","","12.8","","","M","","M","","M","","M","0.0","","0.0","","0.0","","","","","","",""
"-115.07","49.49","FERNIE","1152850","1962-04-01","1962","04","01","","12.8","","","M","","M","","M","","M","0.0","","0.0","","0.0","","","","","","",""
"-115.07","49.49","FERNIE","1152850","1962-04-02","1962","04","02","","11.7","","-3.3","","4.2","","13.8","","0.0","","1.8","","0.0","","1.8","","","","","","",""
"-115.07","49.49","FERNIE","1152850","1962-04-03","1962","04","03","","12.2","","-2.2","","5.0","","13.0","","0.0","","0.0","","0.0","","0.0","","","","","","",""
"-115.07","49.49","FERNIE","1152850","1962-04-04","1962","04","04","","12.8","","-3.3","","4.8","","13.2","","0.0","","0.0","","0.0","","0.0","","","","","","",""
"-115.07","49.49","FERNIE","1152850","1962-04-05","1962","04","05","","12.8","","-1.7","","5.6","","12.4","","0.0","","0.0","","0.0","","0.0","","","","","","",""
"-115.07","49.49","FERNIE","1152850","1962-04-06","1962","04","06","","6.7","","2.2","","4.5","","13.5","","0.0","","19.8","","0.0","T","19.8","","","","","","",""
"-115.07","49.49","FERNIE","1152850","1962-04-07","1962","04","07","","","M","0.0","","","M","","M","","M","0.0","T","2.5","","2.5","","","","","","",""
"-115.07","49.49","FERNIE","1152850","1962-04-08","1962","04","08","","6.7","","","M","","M","","M","","M","0.0","","0.0","","0.0","","","","","","",""
"-115.07","49.49","FERNIE","1152850","1962-04-09","1962","04","09","","7.8","","-3.3","","2.3","","15.7","","0.0","","0.0","","0.0","","0.0","","","","","","",""
"-115.07","49.49","FERNIE","1152850","1962-04-10","1962","04","10","","9.4","","-3.3","","3.1","","14.9","","0.0","","0.0","","0.0","","0.0","","","","","","",""
"-115.07","49.49","FERNIE","1152850","1962-04-11","1962","04","11","","11.1","","-1.1","","5.0","","13.0","","0.0","","0.0","","0.0","","0.0","","","","","","",""
"-115.07","49.49","FERNIE","1152850","1962-04-12","1962","04","12","","15.0","","-2.8","","6.1","","11.9","","0.0","","0.0","","0.0","","0.0","","","","","","",""
"-115.07","49.49","FERNIE","1152850","1962-04-13","1962","04","13","","","M","-0.6","","","M","","M","","M","0.0","","0.0","","0.0","","","","","","",""
"-115.07","49.49","FERNIE","1152850","1962-04-14","1962","04","14","","","M","","M","","M","","M","","M","0.0","","0.0","","0.0","","","","","","",""
"-115.07","49.49","FERNIE","1152850","1962-04-15","1962","04","15","","","M","","M","","M","","M","","M","5.6","","0.0","T","5.6","","","","","","",""
"-115.07","49.49","FERNIE","1152850","1962-04-16","1962","04","16","","14.4","","-1.7","","6.4","","11.6","","0.0","","0.0","","0.0","","0.0","","","","","","",""
"-115.07","49.49","FERNIE","1152850","1962-04-17","1962","04","17","","17.8","","-2.8","","7.5","","10.5","","0.0","","0.0","","0.0","","0.0","","","","","","",""
"-115.07","49.49","FERNIE","1152850","1962-04-18","1962","04","18","","21.1","","-1.7","","9.7","","8.3","","0.0","","0.0","","0.0","","0.0","","","","","","",""
"-115.07","49.49","FERNIE","1152850","1962-04-19","1962","04","19","","21.1","","0.6","","10.9","","7.1","","0.0","","0.0","","0.0","","0.0","","","","","","",""
"-115.07","49.49","FERNIE","1152850","1962-04-20","1962","04","20","","15.0","","3.9","","9.5","","8.5","","0.0","","0.0","","0.0","","0.0","","","","","","",""
"-115.07","49.49","FERNIE","1152850","1962-04-21","1962","04","21","","15.6","","6.7","","11.2","","6.8","","0.0","","0.0","","0.0","","0.0","","","","","","",""
"-115.07","49.49","FERNIE","1152850","1962-04-22","1962","04","22","","15.6","","-0.6","","7.5","","10.5","","0.0","","0.0","","0.0","","0.0","","","","","","",""
"-115.07","49.49","FERNIE","1152850","1962-04-23","1962","04","23","","18.3","","0.0","","9.2","","8.8","","0.0","","0.0","","0.0","","0.0","","","","","","",""
"-115.07","49.49","FERNIE","1152850","1962-04-24","1962","04","24","","20.6","","2.2","","11.4","","6.6","","0.0","","7.1","","0.0","","7.1","","","","","","",""
"-115.07","49.49","FERNIE","1152850","1962-04-25","1962","04","25","","9.4","","5.0","","7.2","","10.8","","0.0","","0.0","","0.0","","0.0","","","","","","",""
"-115.07","49.49","FERNIE","1152850","1962-04-26","1962","04","26","","8.9","","-1.7","","3.6","","14.4","","0.0","","4.8","","0.0","","4.8","","","","","","",""
"-115.07","49.49","FERNIE","1152850","1962-04-27","1962","04","27","","5.0","","0.6","","2.8","","15.2","","0.0","","9.4","","0.0","","9.4","","","","","","",""
"-115.07","49.49","FERNIE","1152850","1962-04-28","1962","04","28","","6.1","","1.1","","3.6","","14.4","","0.0","","1.0","","1.3","","2.3","","","","","","",""
"-115.07","49.49","FERNIE","1152850","1962-04-29","1962","04","29","","7.2","","0.6","","3.9","","14.1","","0.0","","1.3","","0.0","","1.3","","","","","","",""
"-115.07","49.49","FERNIE","1152850","1962-04-30","1962","04","30","","7.8","","1.7","","4.8","","13.2","","0.0","","0.0","","0.0","","0.0","","","","","","",""
"-115.07","49.49","FERNIE","1152850","1962-05-01","1962","05","01","","10.0","","3.9","","7.0","","11.0","","0.0","","4.8","","0.0","","4.8","","","","","","",""
"-115.07","49.49","FERNIE","1152850","1962-05-02","1962","05","02","","12.2","","5.6","","8.9","","9.1","","0.0","","3.3","","0.0","","3.3","","","","","","",""
"-115.07","49.49","FERNIE","1152850","1962-05-03","1962","05","03","","12.2","","1.1","","6.7","","11.3","","0.0","","20.3","","0.0","","20.3","","","","","","",""
"-115.07","49.49","FERNIE","1152850","1962-05-04","1962","05","04","","7.8","","1.1","","4.5","","13.5","","0.0","","0.0","","0.0","","0.0","","","","","","",""
"-115.07","49.49","FERNIE","1152850","1962-05-05","1962","05","05","","","M","-2.8","","","M","","M","","M","0.0","C","0.0","","0.0","C","","","","","",""
"-115.07","49.49","FERNIE","1152850","1962-05-06","1962","05","06","","9.4","","","M","","M","","M","","M","17.3","A","0.0","","17.3","A","","","","","",""
"-115.07","49.49","FERNIE","1152850","1962-05-07","1962","05","07","","8.9","","0.6","","4.8","","13.2","","0.0","","1.3","","0.0","","1.3","","","","","","",""
"-115.07","49.49","FERNIE","1152850","1962-05-08","1962","05","08","","9.4","","0.0","","4.7","","13.3","","0.0","","6.1","","0.0","","6.1","","","","","","",""
"-115.07","49.49","FERNIE","1152850","1962-05-09","1962","05","09","","12.2","","3.3","","7.8","","10.2","","0.0","","1.0","","0.0","","1.0","","","","","","",""
"-115.07","49.49","FERNIE","1152850","1962-05-10","1962","05","10","","15.0","","2.2","","8.6","","9.4","","0.0","","0.5","","0.0","","0.5","","","","","","",""
"-115.07","49.49","FERNIE","1152850","1962-05-11","1962","05","11","","14.4","","4.4","","9.4","","8.6","","0.0","","0.8","","0.0","","0.8","","","","","","",""
"-115.07","49.49","FERNIE","1152850","1962-05-12","1962","05","12","","","M","5.0","","","M","","M","","M","0.0","","0.0","","0.0","","","","","","",""
"-115.07","49.49","FERNIE","1152850","1962-05-13","1962","05","13","","15.0","","","M","","M","","M","","M","1.0","","0.0","","1.0","","","","","","",""
"-115.07","49.49","FERNIE","1152850","1962-05-14","1962","05","14","","14.4","","3.9","","9.2","","8.8","","0.0","","0.0","","0.0","","0.0","","","","","","",""
"-115.07","49.49","FERNIE","1152850","1962-05-15","1962","05","15","","15.0","","1.1","","8.1","","9.9","","0.0","","0.0","","0.0","","0.0","","","","","","",""
"-115.07","49.49","FERNIE","1152850","1962-05-16","1962","05","16","","18.3","","5.6","","12.0","","6.0","","0.0","","0.0","","0.0","","0.0","","","","","","",""
"-115.07","49.49","FERNIE","1152850","1962-05-17","1962","05","17","","14.4","","3.9","","9.2","","8.8","","0.0","","1.0","","0.0","","1.0","","","","","","",""
"-115.07","49.49","FERNIE","1152850","1962-05-18","1962","05","18","","15.6","","4.4","","10.0","","8.0","","0.0","","2.8","","0.0","","2.8","","","","","","",""
"-115.07","49.49","FERNIE","1152850","1962-05-19","1962","05","19","","","M","5.6","","","M","","M","","M","1.8","","0.0","","1.8","","","","","","",""
"-115.07","49.49","FERNIE","1152850","1962-05-20","1962","05","20","","","M","7.2","","","M","","M","","M","0.0","","0.0","","0.0","","","","","","",""
"-115.07","49.49","FERNIE","1152850","1962-05-21","1962","05","21","","20.0","","","M","","M","","M","","M","0.0","","0.0","","0.0","","","","","","",""
"-115.07","49.49","FERNIE","1152850","1962-05-22","1962","05","22","","18.9","","2.2","","10.6","","7.4","","0.0","","0.0","","0.0","","0.0","","","","","","",""
"-115.07","49.49","FERNIE","1152850","1962-05-23","1962","05","23","","19.4","","8.3","","13.9","","4.1","","0.0","","0.0","","0.0","","0.0","","","","","","",""
"-115.07","49.49","FERNIE","1152850","1962-05-24","1962","05","24","","16.7","","10.0","","13.4","","4.6","","0.0","","0.0","","0.0","","0.0","","","","","","",""
"-115.07","49.49","FERNIE","1152850","1962-05-25","1962","05","25","","","M","6.1","","","M","","M","","M","0.0","","0.0","","0.0","","","","","","",""
"-115.07","49.49","FERNIE","1152850","1962-05-26","1962","05","26","","","M","","M","","M","","M","","M","0.0","","0.0","","0.0","","","","","","",""
"-115.07","49.49","FERNIE","1152850","1962-05-27","1962","05","27","","22.8","","","M","","M","","M","","M","1.0","","0.0","","1.0","","","","","","",""
"-115.07","49.49","FERNIE","1152850","1962-05-28","1962","05","28","","15.6","","8.9","","12.3","","5.7","","0.0","","2.8","","0.0","","2.8","","","","","","",""
"-115.07","49.49","FERNIE","1152850","1962-05-29","1962","05","29","","14.4","","8.3","","11.4","","6.6","","0.0","","0.0","","0.0","","0.0","","","","","","",""
"-115.07","49.49","FERNIE","1152850","1962-05-30","1962","05","30","","22.8","","1.1","","12.0","","6.0","","0.0","","0.0","","0.0","","0.0","","","","","","",""
"-115.07","49.49","FERNIE","1152850","1962-05-31","1962","05","31","","15.6","","3.3","","9.5","","8.5","","0.0","","0.0","","0.0","","0.0","","","","","","",""
"-115.07","49.49","FERNIE","1152850","1962-06-01","1962","06","01","","17.2","","5.6","","11.4","","6.6","","0.0","","","","0.0","","","","","","","","",""
"-115.07","49.49","FERNIE","1152850","1962-06-02","1962","06","02","","19.4","","2.8","","11.1","","6.9","","0.0","","","","0.0","","","","","","","","",""
"-115.07","49.49","FERNIE","1152850","1962-06-03","1962","06","03","","","M","","M","","M","","M","","M","","","0.0","","","","","","","","",""
"-115.07","49.49","FERNIE","1152850","1962-06-04","1962","06","04","","","M","5.6","","","M","","M","","M","","","0.0","","","","","","","","",""
"-115.07","49.49","FERNIE","1152850","1962-06-05","1962","06","05","","13.3","","2.2","","7.8","","10.2","","0.0","","","","0.0","","","","","","","","",""
"-115.07","49.49","FERNIE","1152850","1962-06-06","1962","06","06","","14.4","","0.0","","7.2","","10.8","","0.0","","","","0.0","","","","","","","","",""
"-115.07","49.49","FERNIE","1152850","1962-06-07","1962","06","07","","17.2","","0.0","","8.6","","9.4","","0.0","","","","0.0","","","","","","","","",""
"-115.07","49.49","FERNIE","1152850","1962-06-08","1962","06","08","","22.8","","5.0","","13.9","","4.1","","0.0","","","","0.0","","","","","","","","",""
"-115.07","49.49","FERNIE","1152850","1962-06-09","1962","06","09","","","M","10.6","","","M","","M","","M","","","0.0","","","","","","","","",""
"-115.07","49.49","FERNIE","1152850","1962-06-10","1962","06","10","","18.9","","","M","","M","","M","","M","","","0.0","","","","","","","","",""
"-115.07","49.49","FERNIE","1152850","1962-06-11","1962","06","11","","20.6","","2.8","","11.7","","6.3","","0.0","","","","0.0","","","","","","","","",""
"-115.07","49.49","FERNIE","1152850","1962-06-12","1962","06","12","","21.1","","2.2","","11.7","","6.3","","0.0","","","","0.0","","","","","","","","",""
"-115.07","49.49","FERNIE","1152850","1962-06-13","1962","06","13","","11.7","","9.4","","10.6","","7.4","","0.0","","","","0.0","","","","","","","","",""
"-115.07","49.49","FERNIE","1152850","1962-06-14","1962","06","14","","18.9","","10.0","","14.5","","3.5","","0.0","","","","0.0","","","","","","","","",""
"-115.07","49.49","FERNIE","1152850","1962-06-15","1962","06","15","","24.4","","6.7","","15.6","","2.4","","0.0","","","","0.0","","","","","","","","",""
"-115.07","49.49","FERNIE","1152850","1962-06-16","1962","06","16","","","M","6.7","","","M","","M","","M","","","0.0","","","","","","","","",""
"-115.07","49.49","FERNIE","1152850","1962-06-17","1962","06","17","","27.2","","","M","","M","","M","","M","","","0.0","","","","","","","","",""
"-115.07","49.49","FERNIE","1152850","1962-06-18","1962","06","18","","24.4","","8.3","","16.4","","1.6","","0.0","","","","0.0","","","","","","","","",""
"-115.07","49.49","FERNIE","1152850","1962-06-19","1962","06","19","","26.1","","5.6","","15.9","","2.1","","0.0","","","","0.0","","","","","","","","",""
"-115.07","49.49","FERNIE","1152850","1962-06-20","1962","06","20","","24.4","","6.1","","15.3","","2.7","","0.0","","","","0.0","","","","","","","","",""
"-115.07","49.49","FERNIE","1152850","1962-06-21","1962","06","21","","22.8","","7.2","","15.0","","3.0","","0.0","","","","0.0","","","","","","","","",""
"-115.07","49.49","FERNIE","1152850","1962-06-22","1962","06","22","","23.9","","6.1","","15.0","","3.0","","0.0","","","","0.0","","","","","","","","",""
"-115.07","49.49","FERNIE","1152850","1962-06-23","1962","06","23","","","M","5.0","","","M","","M","","M","","","0.0","","","","","","","","",""
"-115.07","49.49","FERNIE","1152850","1962-06-24","1962","06","24","","30.0","","","M","","M","","M","","M","","","0.0","","","","","","","","",""
"-115.07","49.49","FERNIE","1152850","1962-06-25","1962","06","25","","28.9","","7.8","","18.4","","0.0","","0.4","","","","0.0","","","","","","","","",""
"-115.07","49.49","FERNIE","1152850","1962-06-26","1962","06","26","","18.9","","15.0","","17.0","","1.0","","0.0","","","","0.0","","","","","","","","",""
"-115.07","49.49","FERNIE","1152850","1962-06-27","1962","06","27","","17.2","","3.9","","10.6","","7.4","","0.0","","","","0.0","","","","","","","","",""
"-115.07","49.49","FERNIE","1152850","1962-06-28","1962","06","28","","","M","6.7","","","M","","M","","M","","","0.0","","","","","","","","",""
"-115.07","49.49","FERNIE","1152850","1962-06-29","1962","06","29","","27.8","","11.7","","19.8","","0.0","","1.8","","","","0.0","","","","","","","","",""
"-115.07","49.49","FERNIE","1152850","1962-06-30","1962","06","30","","26.1","","9.4","","17.8","","0.2","","0.0","","","","0.0","","","","","","","","",""
"-115.07","49.49","FERNIE","1152850","1962-07-01","1962","07","01","","20.6","","6.1","","13.4","","4.6","","0.0","","0.0","","0.0","","0.0","","","","","","",""
"-115.07","49.49","FERNIE","1152850","1962-07-02","1962","07","02","","12.8","","5.0","","8.9","","9.1","","0.0","","3.6","","0.0","","3.6","","","","","","",""
"-115.07","49.49","FERNIE","1152850","1962-07-03","1962","07","03","","16.7","","0.6","","8.7","","9.3","","0.0","","0.0","","0.0","","0.0","","","","","","",""
"-115.07","49.49","FERNIE","1152850","1962-07-04","1962","07","04","","18.9","","1.7","","10.3","","7.7","","0.0","","0.0","","0.0","","0.0","","","","","","",""
"-115.07","49.49","FERNIE","1152850","1962-07-05","1962","07","05","","16.1","","4.4","","10.3","","7.7","","0.0","","0.0","L","0.0","","0.0","L","","","","","",""
"-115.07","49.49","FERNIE","1152850","1962-07-06","1962","07","06","","","M","7.2","","","M","","M","","M","10.2","A","0.0","","10.2","A","","","","","",""
"-115.07","49.49","FERNIE","1152850","1962-07-07","1962","07","07","","","M","","M","","M","","M","","M","0.0","","0.0","","0.0","","","","","","",""
"-115.07","49.49","FERNIE","1152850","1962-07-08","1962","07","08","","26.1","","5.6","","15.9","","2.1","","0.0","","0.0","","0.0","","0.0","","","","","","",""
"-115.07","49.49","FERNIE","1152850","1962-07-09","1962","07","09","","23.9","","6.7","","15.3","","2.7","","0.0","","2.5","","0.0","","2.5","","","","","","",""
"-115.07","49.49","FERNIE","1152850","1962-07-10","1962","07","10","","22.2","","11.1","","16.7","","1.3","","0.0","","1.0","","0.0","","1.0","","","","","","",""
"-115.07","49.49","FERNIE","1152850","1962-07-11","1962","07","11","","27.8","","6.1","","17.0","","1.0","","0.0","","0.0","","0.0","","0.0","","","","","","",""
"-115.07","49.49","FERNIE","1152850","1962-07-12","1962","07","12","","26.1","","6.1","","16.1","","1.9","","0.0","","0.0","","0.0","","0.0","","","","","","",""
"-115.07","49.49","FERNIE","1152850","1962-07-13","1962","07","13","","26.1","","10.6","","18.4","","0.0","","0.4","","0.0","","0.0","","0.0","","","","","","",""
"-115.07","49.49","FERNIE","1152850","1962-07-14","1962","07","14","","24.4","","6.7","","15.6","","2.4","","0.0","","0.0","","0.0","","0.0","","","","","","",""
"-115.07","49.49","FERNIE","1152850","1962-07-15","1962","07","15","","23.9","","","M","","M","","M","","M","0.5","","0.0","","0.5","","","","","","",""
"-115.07","49.49","FERNIE","1152850","1962-07-16","1962","07","16","","19.4","","6.1","","12.8","","5.2","","0.0","","1.3","","0.0","","1.3","","","","","","",""
"-115.07","49.49","FERNIE","1152850","1962-07-17","1962","07","17","","18.3","","5.6","","12.0","","6.0","","0.0","","0.0","","0.0","","0.0","","","","","","",""
"-115.07","49.49","FERNIE","1152850","1962-07-18","1962","07","18","","18.9","","0.0","","9.5","","8.5","","0.0","","0.0","","0.0","","0.0","","","","","","",""
"-115.07","49.49","FERNIE","1152850","1962-07-19","1962","07","19","","21.7","","7.2","","14.5","","3.5","","0.0","","0.0","","0.0","","0.0","","","","","","",""
"-115.07","49.49","FERNIE","1152850","1962-07-20","1962","07","20","","24.4","","8.9","","16.7","","1.3","","0.0","","0.0","","0.0","","0.0","","","","","","",""
"-115.07","49.49","FERNIE","1152850","1962-07-21","1962","07","21","","27.8","","8.3","","18.1","","0.0","","0.1","","0.0","","0.0","","0.0","","","","","","",""
"-115.07","49.49","FERNIE","1152850","1962-07-22","1962","07","22","","28.9","","10.6","","19.8","","0.0","","1.8","","0.0","","0.0","","0.0","","","","","","",""
"-115.07","49.49","FERNIE","1152850","1962-07-23","1962","07","23","","31.7","","11.1","","21.4","","0.0","","3.4","","0.0","","0.0","","0.0","","","","","","",""
"-115.07","49.49","FERNIE","1152850","1962-07-24","1962","07","24","","28.9","","11.7","","20.3","","0.0","","2.3","","0.0","","0.0","","0.0","","","","","","",""
"-115.07","49.49","FERNIE","1152850","1962-07-25","1962","07","25","","28.9","","11.1","","20.0","","0.0","","2.0","","0.0","","0.0","","0.0","","","","","","",""
"-115.07","49.49","FERNIE","1152850","1962-07-26","1962","07","26","","28.3","","11.1","","19.7","","0.0","","1.7","","0.8","","0.0","","0.8","","","","","","",""
"-115.07","49.49","FERNIE","1152850","1962-07-27","1962","07","27","","29.4","","13.3","","21.4","","0.0","","3.4","","0.0","","0.0","","0.0","","","","","","",""
"-115.07","49.49","FERNIE","1152850","1962-07-28","1962","07","28","","","M","8.3","","","M","","M","","M","0.8","","0.0","","0.8","","","","","","",""
"-115.07","49.49","FERNIE","1152850","1962-07-29","1962","07","29","","25.6","","","M","","M","","M","","M","0.0","","0.0","","0.0","","","","","","",""
"-115.07","49.49","FERNIE","1152850","1962-07-30","1962","07","30","","29.4","","6.7","","18.1","","0.0","","0.1","","0.0","","0.0","","0.0","","","","","","",""
"-115.07","49.49","FERNIE","1152850","1962-07-31","1962","07","31","","28.9","","9.4","","19.2","","0.0","","1.2","","0.0","","0.0","","0.0","","","","","","",""
"-115.07","49.49","FERNIE","1152850","1962-08-01","1962","08","01","","28.3","","8.3","","18.3","","0.0","","0.3","","0.0","","0.0","","0.0","","","","","","",""
"-115.07","49.49","FERNIE","1152850","1962-08-02","1962","08","02","","27.2","","7.8","","17.5","","0.5","","0.0","","0.0","","0.0","","0.0","","","","","","",""
"-115.07","49.49","FERNIE","1152850","1962-08-03","1962","08","03","","22.2","","12.8","","17.5","","0.5","","0.0","","3.8","","0.0","","3.8","","","","","","",""
"-115.07","49.49","FERNIE","1152850","1962-08-04","1962","08","04","","","M","11.7","","","M","","M","","M","4.6","","0.0","","4.6","","","","","","",""
"-115.07","49.49","FERNIE","1152850","1962-08-05","1962","08","05","","17.2","","","M","","M","","M","","M","4.6","","0.0","","4.6","","","","","","",""
"-115.07","49.49","FERNIE","1152850","1962-08-06","1962","08","06","","18.9","","8.3","","13.6","","4.4","","0.0","","0.0","","0.0","","0.0","","","","","","",""
"-115.07","49.49","FERNIE","1152850","1962-08-07","1962","08","07","","17.2","","7.8","","12.5","","5.5","","0.0","","5.1","","0.0","","5.1","","","","","","",""
"-115.07","49.49","FERNIE","1152850","1962-08-08","1962","08","08","","18.9","","10.0","","14.5","","3.5","","0.0","","0.5","","0.0","","0.5","","","","","","",""
"-115.07","49.49","FERNIE","1152850","1962-08-09","1962","08","09","","20.0","","7.2","","13.6","","4.4","","0.0","","0.0","","0.0","","0.0","","","","","","",""
"-115.07","49.49","FERNIE","1152850","1962-08-10","1962","08","10","","21.1","","7.2","","14.2","","3.8","","0.0","","0.0","","0.0","","0.0","","","","","","",""
"-115.07","49.49","FERNIE","1152850","1962-08-11","1962","08","11","","","M","5.0","","","M","","M","","M","0.0","","0.0","","0.0","","","","","","",""
"-115.07","49.49","FERNIE","1152850","1962-08-12","1962","08","12","","26.1","","","M","","M","","M","","M","0.0","","0.0","","0.0","","","","","","",""
"-115.07","49.49","FERNIE","1152850","1962-08-13","1962","08","13","","23.3","","6.1","","14.7","","3.3","","0.0","","0.0","","0.0","","0.0","","","","","","",""
"-115.07","49.49","FERNIE","1152850","1962-08-14","1962","08","14","","25.6","","4.4","","15.0","","3.0","","0.0","","0.0","","0.0","","0.0","","","","","","",""
"-115.07","49.49","FERNIE","1152850","1962-08-15","1962","08","15","","29.4","","7.2","","18.3","","0.0","","0.3","","0.0","","0.0","","0.0","","","","","","",""
"-115.07","49.49","FERNIE","1152850","1962-08-16","1962","08","16","","28.9","","6.7","","17.8","","0.2","","0.0","","0.0","","0.0","","0.0","","","","","","",""
"-115.07","49.49","FERNIE","1152850","1962-08-17","1962","08","17","","22.8","","14.4","","18.6","","0.0","","0.6","","0.0","","0.0","","0.0","","","","","","",""
"-115.07","49.49","FERNIE","1152850","1962-08-18","1962","08","18","","","M","11.1","","","M","","M","","M","5.1","","0.0","","5.1","","","","","","",""
"-115.07","49.49","FERNIE","1152850","1962-08-19","1962","08","19","","22.8","","","M","","M","","M","","M","0.0","","0.0","","0.0","","","","","","",""
"-115.07","49.49","FERNIE","1152850","1962-08-20","1962","08","20","","23.3","","8.3","","15.8","","2.2","","0.0","","5.1","","0.0","","5.1","","","","","","",""
"-115.07","49.49","FERNIE","1152850","1962-08-21","1962","08","21","","21.1","","13.3","","17.2","","0.8","","0.0","","0.0","","0.0","","0.0","","","","","","",""
"-115.07","49.49","FERNIE","1152850","1962-08-22","1962","08","22","","16.7","","5.0","","10.9","","7.1","","0.0","","7.1","","0.0","","7.1","","","","","","",""
"-115.07","49.49","FERNIE","1152850","1962-08-23","1962","08","23","","22.2","","6.1","","14.2","","3.8","","0.0","","0.0","","0.0","","0.0","","","","","","",""
"-115.07","49.49","FERNIE","1152850","1962-08-24","1962","08","24","","25.0","","5.0","","15.0","","3.0","","0.0","","0.0","","0.0","","0.0","","","","","","",""
"-115.07","49.49","FERNIE","1152850","1962-08-25","1962","08","25","","21.1","","7.2","","14.2","","3.8","","0.0","","0.0","","0.0","","0.0","","","","","","",""
"-115.07","49.49","FERNIE","1152850","1962-08-26","1962","08","26","","","M","","M","","M","","M","","M","1.0","","0.0","","1.0","","","","","","",""
"-115.07","49.49","FERNIE","1152850","1962-08-27","1962","08","27","","15.6","","2.2","","8.9","","9.1","","0.0","","9.4","","0.0","","9.4","","","","","","",""
"-115.07","49.49","FERNIE","1152850","1962-08-28","1962","08","28","","14.4","","6.1","","10.3","","7.7","","0.0","","1.5","","0.0","","1.5","","","","","","",""
"-115.07","49.49","FERNIE","1152850","1962-08-29","1962","08","29","","17.2","","3.3","","10.3","","7.7","","0.0","","2.0","","0.0","","2.0","","","","","","",""
"-115.07","49.49","FERNIE","1152850","1962-08-30","1962","08","30","","20.0","","1.7","","10.9","","7.1","","0.0","","0.0","","0.0","","0.0","","","","","","",""
"-115.07","49.49","FERNIE","1152850","1962-08-31","1962","08","31","","","M","2.2","","","M","","M","","M","0.0","","0.0","","0.0","","","","","","",""
"-115.07","49.49","FERNIE","1152850","1962-09-01","1962","09","01","","23.9","","","M","","M","","M","","M","1.8","","0.0","","1.8","","","","","","",""
"-115.07","49.49","FERNIE","1152850","1962-09-02","1962","09","02","","8.9","","3.9","","6.4","","11.6","","0.0","","0.0","","0.0","","0.0","","","","","","",""
"-115.07","49.49","FERNIE","1152850","1962-09-03","1962","09","03","","17.8","","-2.2","","7.8","","10.2","","0.0","","0.0","","0.0","","0.0","","","","","","",""
"-115.07","49.49","FERNIE","1152850","1962-09-04","1962","09","04","","21.7","","-1.1","","10.3","","7.7","","0.0","","0.0","","0.0","","0.0","","","","","","",""
"-115.07","49.49","FERNIE","1152850","1962-09-05","1962","09","05","","25.0","","0.6","","12.8","","5.2","","0.0","","0.0","","0.0","","0.0","","","","","","",""
"-115.07","49.49","FERNIE","1152850","1962-09-06","1962","09","06","","25.6","","2.8","","14.2","","3.8","","0.0","","4.6","","0.0","","4.6","","","","","","",""
"-115.07","49.49","FERNIE","1152850","1962-09-07","1962","09","07","","6.7","","3.9","","5.3","","12.7","","0.0","","0.0","","0.0","","0.0","","","","","","",""
"-115.07","49.49","FERNIE","1152850","1962-09-08","1962","09","08","","13.3","","-3.3","","5.0","","13.0","","0.0","","0.0","","0.0","","0.0","","","","","","",""
"-115.07","49.49","FERNIE","1152850","1962-09-09","1962","09","09","","20.0","","-1.7","","9.2","","8.8","","0.0","","0.0","","0.0","","0.0","","","","","","",""
"-115.07","49.49","FERNIE","1152850","1962-09-10","1962","09","10","","12.8","","1.7","","7.3","","10.7","","0.0","","26.9","","0.0","","26.9","","","","","","",""
"-115.07","49.49","FERNIE","1152850","1962-09-11","1962","09","11","","11.7","","5.6","","8.7","","9.3","","0.0","","0.0","","0.0","","0.0","","","","","","",""
"-115.07","49.49","FERNIE","1152850","1962-09-12","1962","09","12","","11.7","","1.1","","6.4","","11.6","","0.0","","0.8","","0.0","","0.8","","","","","","",""
"-115.07","49.49","FERNIE","1152850","1962-09-13","1962","09","13","","14.4","","-1.7","","6.4","","11.6","","0.0","","0.8","","0.0","","0.8","","","","","","",""
"-115.07","49.49","FERNIE","1152850","1962-09-14","1962","09","14","","14.4","","-0.6","","6.9","","11.1","","0.0","","1.5","","0.0","","1.5","","","","","","",""
"-115.07","49.49","FERNIE","1152850","1962-09-15","1962","09","15","","16.1","","6.7","","11.4","","6.6","","0.0","","0.0","","0.0","","0.0","","","","","","",""
"-115.07","49.49","FERNIE","1152850","1962-09-16","1962","09","16","","18.3","","-0.6","","8.9","","9.1","","0.0","","0.0","","0.0","","0.0","","","","","","",""
"-115.07","49.49","FERNIE","1152850","1962-09-17","1962","09","17","","","M","1.1","","","M","","M","","M","0.0","","0.0","","0.0","","","","","","",""
"-115.07","49.49","FERNIE","1152850","1962-09-18","1962","09","18","","24.4","","","M","","M","","M","","M","0.0","","0.0","","0.0","","","","","","",""
"-115.07","49.49","FERNIE","1152850","1962-09-19","1962","09","19","","22.2","","2.2","","12.2","","5.8","","0.0","","0.0","","0.0","","0.0","","","","","","",""
"-115.07","49.49","FERNIE","1152850","1962-09-20","1962","09","20","","23.9","","4.4","","14.2","","3.8","","0.0","","0.0","","0.0","","0.0","","","","","","",""
"-115.07","49.49","FERNIE","1152850","1962-09-21","1962","09","21","","22.8","","5.0","","13.9","","4.1","","0.0","","0.0","","0.0","","0.0","","","","","","",""
"-115.07","49.49","FERNIE","1152850","1962-09-22","1962","09","22","","23.3","","3.9","","13.6","","4.4","","0.0","","0.0","","0.0","","0.0","","","","","","",""
"-115.07","49.49","FERNIE","1152850","1962-09-23","1962","09","23","","21.7","","8.3","","15.0","","3.0","","0.0","","0.0","","0.0","","0.0","","","","","","",""
"-115.07","49.49","FERNIE","1152850","1962-09-24","1962","09","24","","21.7","","3.3","","12.5","","5.5","","0.0","","0.0","","0.0","","0.0","","","","","","",""
"-115.07","49.49","FERNIE","1152850","1962-09-25","1962","09","25","","22.8","","1.7","","12.3","","5.7","","0.0","","0.0","","0.0","","0.0","","","","","","",""
"-115.07","49.49","FERNIE","1152850","1962-09-26","1962","09","26","","23.3","","1.7","","12.5","","5.5","","0.0","","0.0","","0.0","","0.0","","","","","","",""
"-115.07","49.49","FERNIE","1152850","1962-09-27","1962","09","27","","15.0","","2.8","","8.9","","9.1","","0.0","","1.5","","0.0","","1.5","","","","","","",""
"-115.07","49.49","FERNIE","1152850","1962-09-28","1962","09","28","","12.8","","3.9","","8.4","","9.6","","0.0","","25.7","","0.0","","25.7","","","","","","",""
"-115.07","49.49","FERNIE","1152850","1962-09-29","1962","09","29","","","M","6.1","","","M","","M","","M","0.0","","0.0","","0.0","","","","","","",""
"-115.07","49.49","FERNIE","1152850","1962-09-30","1962","09","30","","15.6","","","M","","M","","M","","M","0.0","","0.0","","0.0","","","","","","",""
"-115.07","49.49","FERNIE","1152850","1962-10-01","1962","10","01","","20.6","","-0.6","","10.0","","8.0","","0.0","","0.0","","0.0","","0.0","","","","","","",""
"-115.07","49.49","FERNIE","1152850","1962-10-02","1962","10","02","","","M","","M","","M","","M","","M","0.0","","0.0","","0.0","","","","","","",""
"-115.07","49.49","FERNIE","1152850","1962-10-03","1962","10","03","","","M","","M","","M","","M","","M","0.0","","0.0","","0.0","","","","","","",""
"-115.07","49.49","FERNIE","1152850","1962-10-04","1962","10","04","","10.6","","-0.6","","5.0","","13.0","","0.0","","0.0","","0.0","","0.0","","","","","","",""
"-115.07","49.49","FERNIE","1152850","1962-10-05","1962","10","05","","13.9","","-2.2","","5.9","","12.1","","0.0","","0.0","","0.0","","0.0","","","","","","",""
"-115.07","49.49","FERNIE","1152850","1962-10-06","1962","10","06","","","M","-2.2","","","M","","M","","M","0.0","L","0.0","","0.0","L","","","","","",""
"-115.07","49.49","FERNIE","1152850","1962-10-07","1962","10","07","","","M","-0.6","","","M","","M","","M","0.0","L","0.0","","0.0","L","","","","","",""
"-115.07","49.49","FERNIE","1152850","1962-10-08","1962","10","08","","8.9","","","M","","M","","M","","M","18.0","A","0.0","","18.0","A","","","","","",""
"-115.07","49.49","FERNIE","1152850","1962-10-09","1962","10","09","","7.8","","","M","","M","","M","","M","6.4","","0.0","","6.4","","","","","","",""
"-115.07","49.49","FERNIE","1152850","1962-10-10","1962","10","10","","8.3","","3.3","","5.8","","12.2","","0.0","","0.8","","0.0","","0.8","","","","","","",""
"-115.07","49.49","FERNIE","1152850","1962-10-11","1962","10","11","","7.2","","1.1","","4.2","","13.8","","0.0","","14.0","","0.0","","14.0","","","","","","",""
"-115.07","49.49","FERNIE","1152850","1962-10-12","1962","10","12","","9.4","","1.7","","5.6","","12.4","","0.0","","9.7","","0.0","","9.7","","","","","","",""
"-115.07","49.49","FERNIE","1152850","1962-10-13","1962","10","13","","10.0","","3.9","","7.0","","11.0","","0.0","","0.0","","0.0","","0.0","","","","","","",""
"-115.07","49.49","FERNIE","1152850","1962-10-14","1962","10","14","","8.9","","1.1","","5.0","","13.0","","0.0","","0.0","","0.0","","0.0","","","","","","",""
"-115.07","49.49","FERNIE","1152850","1962-10-15","1962","10","15","","10.0","","-1.7","","4.2","","13.8","","0.0","","0.0","","0.0","","0.0","","","","","","",""
"-115.07","49.49","FERNIE","1152850","1962-10-16","1962","10","16","","9.4","","-3.9","","2.8","","15.2","","0.0","","0.0","","0.0","","0.0","","","","","","",""
"-115.07","49.49","FERNIE","1152850","1962-10-17","1962","10","17","","12.2","","-3.3","","4.5","","13.5","","0.0","","0.0","","0.0","","0.0","","","","","","",""
"-115.07","49.49","FERNIE","1152850","1962-10-18","1962","10","18","","8.3","","0.6","","4.5","","13.5","","0.0","","1.0","","0.0","","1.0","","","","","","",""
"-115.07","49.49","FERNIE","1152850","1962-10-19","1962","10","19","","10.6","","-0.6","","5.0","","13.0","","0.0","","0.0","","0.0","","0.0","","","","","","",""
"-115.07","49.49","FERNIE","1152850","1962-10-20","1962","10","20","","13.3","","9.4","","11.4","","6.6","","0.0","","0.0","","0.0","","0.0","","","","","","",""
"-115.07","49.49","FERNIE","1152850","1962-10-21","1962","10","21","","13.9","","10.0","","12.0","","6.0","","0.0","","5.1","","0.0","","5.1","","","","","","",""
"-115.07","49.49","FERNIE","1152850","1962-10-22","1962","10","22","","13.9","","5.6","","9.8","","8.2","","0.0","","0.0","","0.0","","0.0","","","","","","",""
"-115.07","49.49","FERNIE","1152850","1962-10-23","1962","10","23","","14.4","","0.0","","7.2","","10.8","","0.0","","0.0","","0.0","","0.0","","","","","","",""
"-115.07","49.49","FERNIE","1152850","1962-10-24","1962","10","24","","10.6","","0.6","","5.6","","12.4","","0.0","","0.0","","0.0","","0.0","","","","","","",""
"-115.07","49.49","FERNIE","1152850","1962-10-25","1962","10","25","","10.0","","-3.9","","3.1","","14.9","","0.0","","0.0","","0.0","","0.0","","","","","","",""
"-115.07","49.49","FERNIE","1152850","1962-10-26","1962","10","26","","11.7","","-3.3","","4.2","","13.8","","0.0","","0.0","","0.0","","0.0","","","","","","",""
"-115.07","49.49","FERNIE","1152850","1962-10-27","1962","10","27","","","M","0.0","","","M","","M","","M","0.0","","0.0","","0.0","","","","","","",""
"-115.07","49.49","FERNIE","1152850","1962-10-28","1962","10","28","","","M","1.7","","","M","","M","","M","0.0","","0.0","","0.0","","","","","","",""
"-115.07","49.49","FERNIE","1152850","1962-10-29","1962","10","29","","","M","0.6","","","M","","M","","M","0.0","","0.0","","0.0","","","","","","",""
"-115.07","49.49","FERNIE","1152850","1962-10-30","1962","10","30","","","M","-1.1","","","M","","M","","M","0.0","","0.0","","0.0","","","","","","",""
"-115.07","49.49","FERNIE","1152850","1962-10-31","1962","10","31","","3.9","","-1.1","","1.4","","16.6","","0.0","","0.0","","0.0","","0.0","","","","","","",""
"-115.07","49.49","FERNIE","1152850","1962-11-01","1962","11","01","","3.9","","0.6","","2.3","","15.7","","0.0","","","","","","","","","","","","",""
"-115.07","49.49","FERNIE","1152850","1962-11-02","1962","11","02","","4.4","","0.6","","2.5","","15.5","","0.0","","","","","","","","","","","","",""
"-115.07","49.49","FERNIE","1152850","1962-11-03","1962","11","03","","4.4","","1.7","","3.1","","14.9","","0.0","","","","","","","","","","","","",""
"-115.07","49.49","FERNIE","1152850","1962-11-04","1962","11","04","","7.8","","1.1","","4.5","","13.5","","0.0","","","","","","","","","","","","",""
"-115.07","49.49","FERNIE","1152850","1962-11-05","1962","11","05","","8.9","","5.0","","7.0","","11.0","","0.0","","","","","","","","","","","","",""
"-115.07","49.49","FERNIE","1152850","1962-11-06","1962","11","06","","7.8","","3.9","","5.9","","12.1","","0.0","","","","","","","","","","","","",""
"-115.07","49.49","FERNIE","1152850","1962-11-07","1962","11","07","","7.2","","-2.8","","2.2","","15.8","","0.0","","","","","","","","","","","","",""
"-115.07","49.49","FERNIE","1152850","1962-11-08","1962","11","08","","7.2","","-2.2","","2.5","","15.5","","0.0","","","","","","","","","","","","",""
"-115.07","49.49","FERNIE","1152850","1962-11-09","1962","11","09","","6.1","","3.3","","4.7","","13.3","","0.0","","","","","","","","","","","","",""
"-115.07","49.49","FERNIE","1152850","1962-11-10","1962","11","10","","7.2","","2.8","","5.0","","13.0","","0.0","","","","","","","","","","","","",""
"-115.07","49.49","FERNIE","1152850","1962-11-11","1962","11","11","","4.4","","1.1","","2.8","","15.2","","0.0","","","","","","","","","","","","",""
"-115.07","49.49","FERNIE","1152850","1962-11-12","1962","11","12","","5.6","","0.6","","3.1","","14.9","","0.0","","","","","","","","","","","","",""
"-115.07","49.49","FERNIE","1152850","1962-11-13","1962","11","13","","6.7","","1.1","","3.9","","14.1","","0.0","","","","","","","","","","","","",""
"-115.07","49.49","FERNIE","1152850","1962-11-14","1962","11","14","","0.6","","-4.4","","-1.9","","19.9","","0.0","","","","","","","","","","","","",""
"-115.07","49.49","FERNIE","1152850","1962-11-15","1962","11","15","","1.1","","-5.0","","-2.0","","20.0","","0.0","","","","","","","","","","","","",""
"-115.07","49.49","FERNIE","1152850","1962-11-16","1962","11","16","","2.8","","-5.6","","-1.4","","19.4","","0.0","","","","","","","","","","","","",""
"-115.07","49.49","FERNIE","1152850","1962-11-17","1962","11","17","","1.7","","0.0","","0.9","","17.1","","0.0","","","","","","","","","","","","",""
"-115.07","49.49","FERNIE","1152850","1962-11-18","1962","11","18","","3.9","","-3.3","","0.3","","17.7","","0.0","","","","","","","","","","","","",""
"-115.07","49.49","FERNIE","1152850","1962-11-19","1962","11","19","","10.6","","0.6","","5.6","","12.4","","0.0","","","","","","","","","","","","",""
"-115.07","49.49","FERNIE","1152850","1962-11-20","1962","11","20","","6.7","","1.7","","4.2","","13.8","","0.0","","","","","","","","","","","","",""
"-115.07","49.49","FERNIE","1152850","1962-11-21","1962","11","21","","3.3","","-2.8","","0.3","","17.7","","0.0","","","","","","","","","","","","",""
"-115.07","49.49","FERNIE","1152850","1962-11-22","1962","11","22","","","M","-5.0","","","M","","M","","M","","","","","","","","","","","",""
"-115.07","49.49","FERNIE","1152850","1962-11-23","1962","11","23","","1.7","","-5.6","","-2.0","","20.0","","0.0","","","","","","","","","","","","",""
"-115.07","49.49","FERNIE","1152850","1962-11-24","1962","11","24","","5.0","","-2.2","","1.4","","16.6","","0.0","","","","","","","","","","","","",""
"-115.07","49.49","FERNIE","1152850","1962-11-25","1962","11","25","","6.7","","2.2","","4.5","","13.5","","0.0","","","","","","","","","","","","",""
"-115.07","49.49","FERNIE","1152850","1962-11-26","1962","11","26","","5.6","","3.9","","4.8","","13.2","","0.0","","","","","","","","","","","","",""
"-115.07","49.49","FERNIE","1152850","1962-11-27","1962","11","27","","2.2","","-2.2","","0.0","","18.0","","0.0","","","","","","","","","","","","",""
"-115.07","49.49","FERNIE","1152850","1962-11-28","1962","11","28","","0.0","","-3.9","","-2.0","","20.0","","0.0","","","","","","","","","","","","",""
"-115.07","49.49","FERNIE","1152850","1962-11-29","1962","11","29","","-0.6","","-10.0","","-5.3","","23.3","","0.0","","","","","","","","","","","","",""
"-115.07","49.49","FERNIE","1152850","1962-11-30","1962","11","30","","0.0","","-10.0","","-5.0","","23.0","","0.0","","","","","","","","","","","","",""
"-115.07","49.49","FERNIE","1152850","1962-12-01","1962","12","01","","3.3","","-1.1","","1.1","","16.9","","0.0","","","","","","","","","","","","",""
"-115.07","49.49","FERNIE","1152850","1962-12-02","1962","12","02","","2.8","","-4.4","","-0.8","","18.8","","0.0","","","","","","","","","","","","",""
"-115.07","49.49","FERNIE","1152850","1962-12-03","1962","12","03","","0.0","","-1.1","","-0.6","","18.6","","0.0","","","","","","","","","","","","",""
"-115.07","49.49","FERNIE","1152850","1962-12-04","1962","12","04","","0.6","","-4.4","","-1.9","","19.9","","0.0","","","","","","","","","","","","",""
"-115.07","49.49","FERNIE","1152850","1962-12-05","1962","12","05","","4.4","","","M","","M","","M","","M","","","","","","","","","","","",""
"-115.07","49.49","FERNIE","1152850","1962-12-06","1962","12","06","","5.0","","-1.7","","1.7","","16.3","","0.0","","","","","","","","","","","","",""
"-115.07","49.49","FERNIE","1152850","1962-12-07","1962","12","07","","5.6","","0.6","","3.1","","14.9","","0.0","","","","","","","","","","","","",""
"-115.07","49.49","FERNIE","1152850","1962-12-08","1962","12","08","","5.6","","2.2","","3.9","","14.1","","0.0","","","","","","","","","","","","",""
"-115.07","49.49","FERNIE","1152850","1962-12-09","1962","12","09","","5.0","","1.1","","3.1","","14.9","","0.0","","","","","","","","","","","","",""
"-115.07","49.49","FERNIE","1152850","1962-12-10","1962","12","10","","0.6","","-2.2","","-0.8","","18.8","","0.0","","","","","","","","","","","","",""
"-115.07","49.49","FERNIE","1152850","1962-12-11","1962","12","11","","0.6","","-2.2","","-0.8","","18.8","","0.0","","","","","","","","","","","","",""
"-115.07","49.49","FERNIE","1152850","1962-12-12","1962","12","12","","0.0","","-1.1","","-0.6","","18.6","","0.0","","","","","","","","","","","","",""
"-115.07","49.49","FERNIE","1152850","1962-12-13","1962","12","13","","0.0","","-2.8","","-1.4","","19.4","","0.0","","","","","","","","","","","","",""
"-115.07","49.49","FERNIE","1152850","1962-12-14","1962","12","14","","3.3","","-1.1","","1.1","","16.9","","0.0","","","","","","","","","","","","",""
"-115.07","49.49","FERNIE","1152850","1962-12-15","1962","12","15","","6.7","","1.7","","4.2","","13.8","","0.0","","","","","","","","","","","","",""
"-115.07","49.49","FERNIE","1152850","1962-12-16","1962","12","16","","7.8","","4.4","","6.1","","11.9","","0.0","","","","","","","","","","","","",""
"-115.07","49.49","FERNIE","1152850","1962-12-17","1962","12","17","","4.4","","0.0","","2.2","","15.8","","0.0","","","","","","","","","","","","",""
"-115.07","49.49","FERNIE","1152850","1962-12-18","1962","12","18","","2.2","","-1.1","","0.6","","17.4","","0.0","","","","","","","","","","","","",""
"-115.07","49.49","FERNIE","1152850","1962-12-19","1962","12","19","","3.9","","-1.1","","1.4","","16.6","","0.0","","","","","","","","","","","","",""
"-115.07","49.49","FERNIE","1152850","1962-12-20","1962","12","20","","2.8","","-1.7","","0.6","","17.4","","0.0","","","","","","","","","","","","",""
"-115.07","49.49","FERNIE","1152850","1962-12-21","1962","12","21","","3.9","","0.6","","2.3","","15.7","","0.0","","","","","","","","","","","","",""
"-115.07","49.49","FERNIE","1152850","1962-12-22","1962","12","22","","2.2","","-4.4","","-1.1","","19.1","","0.0","","","","","","","","","","","","",""
"-115.07","49.49","FERNIE","1152850","1962-12-23","1962","12","23","","-3.3","","","M","","M","","M","","M","","","","","","","","","","","",""
"-115.07","49.49","FERNIE","1152850","1962-12-24","1962","12","24","","-11.1","","-17.8","","-14.5","","32.5","","0.0","","","","","","","","","","","","",""
"-115.07","49.49","FERNIE","1152850","1962-12-25","1962","12","25","","-10.6","","-18.9","","-14.8","","32.8","","0.0","","","","","","","","","","","","",""
"-115.07","49.49","FERNIE","1152850","1962-12-26","1962","12","26","","-2.8","","-12.8","","-7.8","","25.8","","0.0","","","","","","","","","","","","",""
"-115.07","49.49","FERNIE","1152850","1962-12-27","1962","12","27","","2.8","","-8.3","","-2.8","","20.8","","0.0","","","","","","","","","","","","",""
"-115.07","49.49","FERNIE","1152850","1962-12-28","1962","12","28","","1.7","","","M","","M","","M","","M","","","","","","","","","","","",""
"-115.07","49.49","FERNIE","1152850","1962-12-29","1962","12","29","","1.7","","","M","","M","","M","","M","","","","","","","","","","","",""
"-115.07","49.49","FERNIE","1152850","1962-12-30","1962","12","30","","6.1","","0.6","","3.4","","14.6","","0.0","","","","","","","","","","","","",""
"-115.07","49.49","FERNIE","1152850","1962-12-31","1962","12","31","","","M","0.6","","","M","","M","","M","","","","","","","","","","","",""
